{
	"ImportPath": "github.com/libreoscar/ethmarket_interview",
	"GoVersion": "go1.6",
	"GodepVersion": "v74",
	"Deps": [
		{
			"ImportPath": "github.com/hoisie/web",
			"Comment": "v0.1.0-160-ge5d7487",
			"Rev": "e5d74875471b0b313cdd77d3996ba2ae5712b82f"
		},
		{
			"ImportPath": "github.com/libreoscar/utils/log",
			"Rev": "1e9ccc44e581e13504acce0aa373a6f9c69193b8"
		},
		{
			"ImportPath": "github.com/mattn/go-colorable",
			"Comment": "v0.0.5",
			"Rev": "9056b7a9f2d1f2d96498d6d146acd1f9d5ed3d59"
		},
		{
			"ImportPath": "github.com/mattn/go-isatty",
			"Rev": "56b76bdf51f7708750eac80fa38b952bb9f32639"
		},
		{
			"ImportPath": "golang.org/x/net/websocket",
			"Rev": "6a513affb38dc9788b449d59ffed099b8de18fa0"
		},
		{
			"ImportPath": "golang.org/x/sys/unix",
			"Rev": "a646d33e2ee3172a661fc09bca23bb4889a41bc8"
		},
		{
			"ImportPath": "gopkg.in/inconshreveable/log15.v2",
			"Comment": "v2.11",
			"Rev": "b105bd37f74e5d9dc7b6ad7806715c7a2b83fd3f"
		},
		{
			"ImportPath": "gopkg.in/inconshreveable/log15.v2/stack",
			"Comment": "v2.11",
			"Rev": "b105bd37f74e5d9dc7b6ad7806715c7a2b83fd3f"
		},
		{
			"ImportPath": "gopkg.in/inconshreveable/log15.v2/term",
			"Comment": "v2.11",
			"Rev": "b105bd37f74e5d9dc7b6ad7806715c7a2b83fd3f"
		}
	]
}
